player_name,game_id,duration_sec,btn_press_rate,btn_variety,btn_hold_avg_ms,lx_mean,ly_mean,lx_std,ly_std,lx_direction_changes,rx_mean,ry_mean,rx_std,ry_std,lt_mean,rt_mean,lt_brutality,rt_brutality,reaction_time_avg_ms,input_regularity,score
yasstest,reflex,59.61741018295288,0.0,0.0,0.0,0.0,0.0,0.0,0.0,0.0,0.0,0.0,0.0,0.0,0.0,0.0,0.0,0.0,0.0,0.0,-130
yasstest,reflex,30.244945764541626,0.0,0.0,0.0,0.0,0.0,0.0,0.0,0.0,0.0,0.0,0.0,0.0,0.0,0.0,0.0,0.0,0.0,0.0,13
yasstest,reflex,59.79027557373047,0.0,0.0,0.0,0.0,0.0,0.0,0.0,0.0,0.0,0.0,0.0,0.0,0.0,0.0,0.0,0.0,0.0,0.0,599
Test,labyrinth,32.67740726470947,0.45903274634029817,0.6666666666666666,142.9826259613037,0.004123711340206186,-0.01958762886597938,0.10145084206303338,0.1385783304178122,0.0,0.0,0.0,0.0,0.0,0.01443298969072165,0.009278350515463918,0.0041279669762641896,0.0020639834881320948,0.0,2.9793881798733786,0
yasstest,reflex,59.77590775489807,0.6189784712548878,0.6666666666666666,117.90146698822846,0.0,0.0,0.0,0.0,0.0,0.0,0.0,0.0,0.0,0.0,0.0033651149747616375,0.0,0.001122334455667789,0.0,1.4598309297913972,868
Test,labyrinth,28.688395738601685,0.8017178865478469,0.8333333333333334,128.9113189863122,0.0047169811320754715,-0.020333302697074628,0.17163589998736167,0.1805697226169374,0.0,0.0,0.0,0.0,0.0,0.00589622641509434,0.00589622641509434,0.0023612750885478157,0.004722550177095631,0.0,1.2062538247879597,0
Test,labyrinth,8.650305032730103,3.35248293444831,0.6666666666666666,153.98194049966747,0.0,0.0,0.0,0.0,0.0,0.0,0.0,0.0,0.0,0.0,0.0,0.0,0.0,0.0,0.28210088984489406,0
Test,labyrinth,54.805655002593994,0.0,0.0,0.0,0.1659069051970851,0.13655661790231316,0.6640460458054908,0.6389200851236446,0.0,0.0,0.0,0.0,0.0,0.0,0.0,0.0,0.0,0.0,0.0,1096
